key,1,2,3,4,5,6,7,8,9,10
#,Name,Description,,,,,,,,
offset,0,4,8,12,16,20,24,28,32,36
Int32,String,String,String,String,String,String,String,String,String,String
0,,,,,,,,,,
1,巨型偏屬性水晶破壞指令,有報告稱尖叫泡芙附近，中控水晶調整月面環境時散溢出來的以太形成了大量的巨型偏屬性水晶。駕駛強力機兵前往報告中的地點粉碎巨型偏屬性水晶，回收碎片用以補充屬性變換用的資源。,駕駛強力機兵，<hex:02100103>粉碎巨型偏屬性水晶。,,,使用宇宙鉆頭粉碎小型偏屬性水晶。<hex:02100103>將獲取的資源投入野外探查器分析。,,,機甲行動——巨型偏屬性水晶破壞指令已釋出。<hex:02100103>想成為駕駛員的人請通過探索觸控板提交申請。,機甲行動即將開始。<hex:02100103>想以協助員身份參加機甲行動的人請到任務地點集合。
2,,,,,,,,,,
3,,,,,,,,,,
4,,,,,,,,,,
5,有害菌床驅除指令,有報告發現，能散佈有害異常孢子的螢光小菇正在尖叫泡芙附近大量增殖。這些孢子附著在宇宙探索用的器材表面，可能會對今後的探索造成很大的負面影響。駕駛輪式工程車粉碎所有的紅色螢光小菇杜絕其進一步繁殖的可能性。,駕駛輪式工程車，<hex:02100103>驅除巨型變異菌床。,,,使用宇宙火焰噴射器焚燒小型變異菌床。<hex:02100103>將燃燒后留下的灰燼投入野外探查器分析。,,,機甲行動——有害菌床驅除指令已釋出。<hex:02100103>想成為駕駛員的人請通過探索觸控板提交申請。,機甲行動即將開始。<hex:02100103>想以協助員身份參加機甲行動的人請到任務地點集合。
6,法恩娜石採掘指令,玻礫河岸的地下存在著因急速冷卻的變質作用產生的火山玻璃礦脈。我們將這一可利用資源命名為法恩娜石，並決定投入強力機兵來進行採掘。想獲取地下資源需要相當龐大的電離子能源。所以，這一能源大量產生時，就是我們採掘法恩娜石的大好時機。請使用增設在機體上的強力吸取器，吸取能源後進行採掘。,對流沙洞使用拖曳光束，<hex:02100103>回收位於地下的法恩娜石。<hex:02100103>發動拖曳光束需要消耗<hex:02100103>10個電離子能源。,,,使用宇宙鉆頭採掘沉睡在地下的法恩娜石。<hex:02100103>獲得的資源可以提交至野外探查器進行分析。,,,機甲行動——法恩娜石採掘指令已釋出。<hex:02100103>想成為駕駛員的人請通過探索觸控板提交申請。,機甲行動即將開始。<hex:02100103>想以協助員身份參加機甲行動的人請到任務地點集合。
7,玻璃塊粉碎回收指令,由於地熱變動，冷卻洞內出現了大量優質玻璃。確認了樣品的研究員表示，這些玻璃的純度高到難以相信是自然產生的，甚至可以直接用於製作精密鏡片或開發新裝置，極有可能在今後的探索計劃中起到關鍵作用。請駕駛輪式工程車前往現場，粉碎玻璃塊進行回收。,駕駛輪式工程車，<hex:02100103>粉碎玻璃塊。,,,使用宇宙吸取器來吸收玻璃碎片。<hex:02100103>獲得的資源可以提交至野外探查器，<hex:02100103>並進行分析。,,,機甲行動——玻璃塊粉碎回收指令已釋出。<hex:02100103>想成為駕駛員的人請通過探索觸控板提交申請。,機甲行動即將開始。<hex:02100103>想以協助員身份參加機甲行動的人請到任務地點集合。
8,重力異常消除指令,在丟失已久的胡蘿蔔周圍觀測到了大規模的重力場扭曲，出現了大大小小的重力塊，如果放任不管的話，恐怕會對周邊地區造成惡劣影響。為應對這一事態，我們得到了加雷馬技術人員的協助，準備了為解決狀況特化過的魔導重型機械。望能駕馭這臺機械清除當地的重力塊。,駕駛魔導重型機械，清除重力塊。<hex:02100103>宇宙爆破器對中重力塊有效。,駕駛魔導重型機械，清除巨大重力塊。,,使用宇宙夯地機清除地面的重力畸變點。,使用宇宙夯地機清除巨大重力塊。,,機甲行動——重力異常消除指令已釋出。<hex:02100103>想成為駕駛員的人請通過探索觸控板提交申請。,機甲行動即將開始。<hex:02100103>想以協助員身份參加機甲行動的人請到任務地點集合。
9,浮空石收集指令,革剌斯角出現了局部重力異常。受此影響，一些在地裡的浮空石開始露出地面並不斷上浮，而這些浮空石都攜帶著高密度的能量，如果能在這個狀態下進行收集的話一定會讓研究取得莫大的進展。希望能在重力異常結束之前進行收集。,駕駛特定地區專用型強力機兵，<hex:02100103>收集飄起來的浮空石。,,,使用改良型宇宙吸取器<hex:02100103>收集飄起來的小型浮空石。<hex:02100103>獲得的資源可以提交至野外探查器進行分析。,,,機甲行動——浮空石收集指令已釋出。<hex:02100103>想成為駕駛員的人請通過探索觸控板提交申請。,機甲行動即將開始。<hex:02100103>想以協助員身份參加機甲行動的人請到任務地點集合。
10,環境有害性植物處理指令,喬木住宅區出現了大量會釋放特異有毒花粉的植物。由於是新發展出來的物種，因此城市設施並未採取有效的對抗的措施。有毒花粉不僅導致我們的一些同伴出現嚴重的過敏症狀，長期來看甚至可能會侵蝕土壤。還請搭乘魔導重型機械，幫忙處理有害植物。,駕駛宇宙魔導獵手，<hex:02100103>採伐有毒花粉植物。,駕駛宇宙魔導獵手，<hex:02100103>採伐攻擊性花粉植物。,,使用宇宙火焰噴射器，焚燒小型有毒花粉植物。<hex:02100103>將燃燒後留下的灰燼投入野外探查器分析。,使用宇宙火焰噴射器，焚燒小型有毒花粉植物。<hex:02100103>將燃燒後留下的灰燼投入野外探查器分析。,,機甲行動——環境有害性植物處理指令已釋出。<hex:02100103>想成為駕駛員的人請通過探索觸控板提交申請。,機甲行動即將開始。<hex:02100103>想以協助員身份參加機甲行動的人請到任務地點集合。
11,古代植物的乙太昇華指令,分佈在花丁威的百花壇的鱗狀古代植物，長大後會引發名為「昇華」的現象，並將內含的乙太向周圍擴散。這對於維持周邊環境似乎是不可或缺的。但或許是受到都市環境惡化的影響，導致還原週期出現了紊亂。為了保護土壤，請使用魔導重機，幫忙促進植物群的昇華。,使用魔導重機，<hex:02100103>向海玉苞賦予能量，<hex:02100103>促進昇華。,使用魔導重機，<hex:02100103>向海玉苞賦予能量，<hex:02100103>促進昇華。,,使用宇宙成長劑，<hex:02100103>向小型海玉苞賦予能量，<hex:02100103>促進昇華。,使用宇宙成長劑，<hex:02100103>向小型海玉苞賦予能量，<hex:02100103>促進昇華。,,機甲行動——古代植物的乙太昇華指令已釋出。<hex:02100103>想成為駕駛員的人請通過探索觸控板提交申請。,機甲行動即將開始。<hex:02100103>想以協助員身份參加機甲行動的人請到任務地點集合。
