key,3,5,11,12,13
#,,,,,
offset,0,4,8,12,16
Int32,String,String,String,String,String
0,,,,,
1,體力腰帶,,體力腰帶,最大體力+20%,最大體力提高
2,替身戒指,,替身戒指,特殊效果：陷入無法戰鬥狀態時，犧牲魔獸，玩家得以復活，魔獸尚未召喚時無法發動此效果,陷入無法戰鬥狀態時犧牲魔獸得以復活
3,治癒戒指,,治癒戒指,特殊效果：戰鬥結束時恢復玩家25%的體力,戰鬥結束時恢復體力
4,藥師腰包,,藥師腰包,特殊效果：在帳篷休息時隨機獲得1個魔獸恢復藥,在帳篷休息時獲得魔獸恢復藥
5,魔咒帽子,,魔咒帽子,受到魔法傷害-10%,受到魔法傷害減輕
6,鋼鐵鎧甲,,鋼鐵鎧甲,受到物理傷害-15%,受到物理傷害減輕
7,野生頭冠,,野生頭冠,造成物理傷害+10%<hex:02100103>暴擊發動率+3%<hex:02100103>特殊效果：此鬥獸裝備的效能也會對召喚中的魔獸產生影響,造成物理傷害提高、暴擊發動率、魔獸也受到影響
8,理性之杖,,理性之杖,造成魔法傷害+20%<hex:02100103>特殊效果：此鬥獸裝備的效能也會對召喚中的魔獸產生影響,造成魔法傷害提高、魔獸也受到影響
9,力量護臂,,力量護臂,造成物理傷害+12%<hex:02100103>迴避率+3%,造成物理傷害提高、迴避率提高
10,纏頭帶,,纏頭帶,造成物理傷害+5%<hex:02100103>受到物理傷害-5%,造成物理傷害提高、受到物理傷害減輕
11,綠色貝雷帽,,綠色貝雷帽,暴擊攻擊力+35<hex:02100103>造成傷害+3%<hex:02100103>最大體力+7%,暴擊攻擊力、傷害提高、最大體力提高
12,神秘鞋,,神秘鞋,迴避率+8%<hex:02100103>移動速度+50%<hex:02100103>特殊效果：自身使用技能及奇弈道具的體力恢復效果提高15%,迴避率提高、移動速度提高、恢復量提高
13,堅守戒指,,堅守戒指,受到傷害-10%<hex:02100103>最大體力+7%,受傷減輕、最大體力提高
14,寒冰盾,,寒冰盾,受到傷害-30%<hex:02100103>減速+10%<hex:02100103>特殊效果：30%機率使冰屬性傷害無效並吸收,冰屬性吸收、受傷減輕、減速
15,土地盾,,土地盾,特殊效果：30%機率使土屬性傷害無效並吸收<hex:02100103>特殊效果：盾格擋時有10%的機率為自身附加「石膚」狀態<hex:02100103>石膚效果：抵消相當於最大體力15%的傷害量<hex:02100103>石膚持續時間：60秒,土屬性吸收、盾格擋時附加石膚狀態
16,水流盾,,水流盾,格擋效能+50%<hex:02100103>特殊效果：30%機率使水屬性傷害無效並吸收<hex:02100103>特殊效果：盾格擋時有10%的機率為自身附加「反射」狀態<hex:02100103>反射效果：反射除特定攻擊之外的所有魔法攻擊<hex:02100103>持續時間：60秒,水屬性吸收、格擋效能、盾格擋時附加反射狀態
17,原力之盾,,原力之盾,格擋效能+75%<hex:02100103>受到魔法傷害-10%,格擋效能提高、受到魔法傷害減輕
18,深紅緞帶,,深紅緞帶,石化耐性+100%<hex:02100103>失明耐性+100%<hex:02100103>麻痺耐性+100%,石化耐性、失明耐性、麻痺耐性
19,源氏之護手,,源氏之護手,造成傷害+12%<hex:02100103>麻痺耐性+100%<hex:02100103>特殊效果：自身發動戰技觸發獸心協作技時，有10%的機率恢復一部分消耗的技力,傷害提高、麻痺耐性、獸心協作技成功時恢復技力
20,源氏之盾,,源氏之盾,格擋效能+30%<hex:02100103>迴避率+10%,格擋效能提高、迴避率提高
21,源氏之鎧,,源氏之鎧,移動速度-20%<hex:02100103>受到傷害-20%<hex:02100103>最大體力+30%,移動速度降低、受傷減輕、最大體力提高
22,銀框眼鏡,,銀框眼鏡,暴擊發動率+15%<hex:02100103>失明耐性+100%,暴擊發動率、失明耐性
23,天使白衣,,天使白衣,受到傷害-7%<hex:02100103>中毒耐性+100%<hex:02100103>特殊效果：受到傷害時有5%的機率為自身附加1檔「體力持續恢復」狀態<hex:02100103>體力持續恢復效果：每隔一段時間恢復自身最大體力的3%<hex:02100103>體力持續恢復持續時間：12秒<hex:02100103>最大檔數：8檔,受傷減輕、中毒耐性、受傷時體力恢復
24,大師盾,,大師盾,格擋效能+125%<hex:02100103>受到傷害-25%<hex:02100103>最大體力+35%,格擋效能、受傷減輕、最大體力提高
25,神秘面紗,,神秘面紗,造成魔法傷害+18%<hex:02100103>受到魔法傷害-15%<hex:02100103>特殊效果：自身使用技能及奇弈道具的體力恢復效果提高15%,造成魔法傷害提高、受到魔法傷害減輕、恢復量提高
26,黑頭巾,,黑頭巾,最大體力+6%<hex:02100103>迴避率+8%<hex:02100103>睡眠耐性+100%,最大體力提高、迴避率提高、睡眠耐性
27,英雄王冠,,英雄王冠,最大體力+30%<hex:02100103>造成傷害+18%<hex:02100103>特殊效果：自身發動戰技觸發獸心協作技時，為自身附加「卓異」狀態<hex:02100103>卓異效果：除特定攻擊之外其他所有攻擊均無效化，且造成傷害提高10%<hex:02100103>卓異持續時間：9秒,最大體力提高、傷害提高、獸心協作技成功時附加卓異狀態
28,幻影背心,,幻影背心,特殊效果：受到傷害時有20%的機率為自身附加1檔「閃躲」狀態<hex:02100103>閃躲效果：除特定攻擊之外其他所有物理攻擊均無效化，無效化時消耗1檔閃躲<hex:02100103>閃躲持續時間：120秒,受到傷害時附加閃躲狀態
29,死神鎧甲,,死神鎧甲,最大體力+10%<hex:02100103>受到傷害-5%<hex:02100103>死亡宣告耐性+100%,最大體力提高、受傷減輕、死亡宣告耐性
30,荊棘鎧甲,,荊棘鎧甲,特殊效果：受到物理傷害時反擊，對對方造成無屬性魔法傷害，反擊傷害受到其他鬥獸裝備、道具或能力類技能的魔法傷害提高的影響<hex:02100103>反擊傷害威力：360,受到物理傷害時反擊
31,膽小者的匕首,,膽小者的匕首,造成傷害+1%<hex:02100103>特殊效果：戰鬥開始前有35%的機率可以選擇是否逃離，選擇逃離時雖然得不到戰利品但是可以迴避戰鬥<hex:02100103>無法避開強敵和頭目<hex:02100103>追加效果：成功逃離時，為自身附加1檔「游擊」狀態<hex:02100103>游擊效果：造成傷害+18%、迴避率+4%<hex:02100103>游擊持續時間：永久,傷害提高、迴避戰鬥
32,靈極上衣,,靈極上衣,最大體力+12%<hex:02100103>特殊效果：自身發動戰技觸發獸心協作技時，有25%的機率恢復一部分消耗的技力,最大體力提高、獸心協作技成功時恢復技力
33,靈極戒指,,靈極戒指,受到物理傷害-9%<hex:02100103>特殊效果：自身發動戰技觸發獸心協作技時，有10%的機率恢復一部分消耗的技力,受到物理傷害減輕、獸心協作技成功時恢復技力
34,靈極手鐲,,靈極手鐲,受到魔法傷害-15%<hex:02100103>最大體力+5%<hex:02100103>眩暈耐性+100%,受到魔法傷害減輕、最大體力提高、眩暈耐性
35,星極上衣,,星極上衣,高速複唱+25%<hex:02100103>受到傷害-7%<hex:02100103>最大體力+15%,高速複唱、受傷減輕、最大體力提高
36,星極戒指,,星極戒指,高速複唱+15%<hex:02100103>受到物理傷害-8%,高速複唱、受到物理傷害減輕
37,星極手鐲,,星極手鐲,高速複唱+15%<hex:02100103>受到魔法傷害-8%,高速複唱、受到魔法傷害減輕
38,纏火斧,,纏火斧,特殊效果：自動攻擊追加火屬性傷害<hex:02100103>追加傷害受到其他鬥獸裝備、道具或能力類技能的魔法傷害提高的影響<hex:02100103>追加傷害威力：240<hex:02100103>當同時持有其他具備自動攻擊追加效果的鬥獸裝備時，僅能發揮1個效果,自動攻擊追加火屬性傷害
39,纏冰斧,,纏冰斧,特殊效果：自動攻擊追加冰屬性傷害<hex:02100103>追加傷害受到其他鬥獸裝備、道具或能力類技能的魔法傷害提高的影響<hex:02100103>追加傷害威力：240<hex:02100103>當同時持有其他具備自動攻擊追加效果的鬥獸裝備時，僅能發揮1個效果,自動攻擊追加冰屬性傷害
40,纏雷斧,,纏雷斧,特殊效果：自動攻擊追加雷屬性傷害<hex:02100103>追加傷害受到其他鬥獸裝備、道具或能力類技能的魔法傷害提高的影響<hex:02100103>追加傷害威力：240<hex:02100103>當同時持有其他具備自動攻擊追加效果的鬥獸裝備時，僅能發揮1個效果,自動攻擊追加雷屬性傷害
41,纏土斧,,纏土斧,特殊效果：自動攻擊追加土屬性傷害<hex:02100103>追加傷害受到其他鬥獸裝備、道具或能力類技能的魔法傷害提高的影響<hex:02100103>追加傷害威力：240<hex:02100103>當同時持有其他具備自動攻擊追加效果的鬥獸裝備時，僅能發揮1個效果,自動攻擊追加土屬性傷害
42,纏水斧,,纏水斧,特殊效果：自動攻擊追加水屬性傷害<hex:02100103>追加傷害受到其他鬥獸裝備、道具或能力類技能的魔法傷害提高的影響<hex:02100103>追加傷害威力：240<hex:02100103>當同時持有其他具備自動攻擊追加效果的鬥獸裝備時，僅能發揮1個效果,自動攻擊追加水屬性傷害
43,纏風斧,,纏風斧,特殊效果：自動攻擊追加風屬性傷害<hex:02100103>追加傷害受到其他鬥獸裝備、道具或能力類技能的魔法傷害提高的影響<hex:02100103>追加傷害威力：240<hex:02100103>當同時持有其他具備自動攻擊追加效果的鬥獸裝備時，僅能發揮1個效果,自動攻擊追加風屬性傷害
44,忍者服,,忍者服,最大體力+17%<hex:02100103>迴避率+8%<hex:02100103>特殊效果：成功迴避攻擊時，為自身附加1檔「加速」狀態<hex:02100103>加速效果：自動攻擊間隔、戰技與魔法的詠唱及複唱時間縮短2%<hex:02100103>加速持續時間：60秒<hex:02100103>最大檔數：5檔,最大體力提高、迴避率提高、迴避時附加加速狀態
45,忍者手甲,,忍者手甲,加速+2%<hex:02100103>造成物理傷害+3%,加速、造成物理傷害提高
46,忍者眼帶,,忍者眼帶,加速+5%<hex:02100103>暴擊發動率+5%,加速、暴擊發動率
47,烈風盾,,烈風盾,特殊效果：30%機率使風屬性傷害無效並吸收<hex:02100103>特殊效果：盾格擋時有50%的機率為自身附加1檔「閃躲」狀態<hex:02100103>閃躲效果：除特定攻擊之外其他所有物理攻擊均無效化，無效化時消耗1檔閃躲<hex:02100103>閃躲持續時間：120秒,風屬性吸收、盾格擋時附加閃躲狀態
48,烈風面罩,,烈風面罩,受到魔法傷害-10%<hex:02100103>特殊效果：自身使用技能及奇弈道具的體力恢復效果提高15%<hex:02100103>特殊效果：成功迴避攻擊時，為自身附加「雙刃劍」狀態<hex:02100103>雙刃劍效果：體力逐漸流失的同時造成傷害提高30%<hex:02100103>雙刃劍持續時間：21秒,受到魔法傷害減輕、恢復量提高、迴避時附加雙刃劍狀態
49,烈風鎧甲,,烈風鎧甲,受到傷害-15%<hex:02100103>造成魔法傷害+20%<hex:02100103>特殊效果：自身使用技能及奇弈道具的體力恢復效果提高30%,受傷減輕、造成魔法傷害提高、恢復量提高
50,重斧,,重斧,造成傷害+25%<hex:02100103>移動速度-20%,傷害提高、移動速度降低
51,秘銀鎧甲,,秘銀鎧甲,受到傷害-15%<hex:02100103>最大體力+15%,受傷減輕、最大體力提高
52,秘銀護手,,秘銀護手,受到傷害-5%<hex:02100103>造成物理傷害+5%<hex:02100103>最大體力+5%,受傷減輕、造成物理傷害提高、最大體力提高
53,秘銀足鎧,,秘銀足鎧,受到傷害-10%<hex:02100103>最大體力+5%,受傷減輕、最大體力提高
54,猛獸面具,,猛獸面具,受到物理傷害-10%<hex:02100103>暴擊發動率+15%,受到物理傷害減輕、暴擊發動率
55,猛獸短刀,,猛獸短刀,暴擊發動率+8%<hex:02100103>特殊效果：暴擊時有25%的機率為自身附加1檔「傷害提高」狀態<hex:02100103>傷害提高效果：造成傷害提高3%<hex:02100103>傷害提高持續時間：30秒<hex:02100103>最大檔數：8檔,暴擊發動率、暴擊時附加傷害提高狀態
56,猛獸耳飾,,猛獸耳飾,暴擊發動率+15%<hex:02100103>最大體力+2%,暴擊發動率、最大體力提高
57,盜賊匕首,,盜賊匕首,加速+1%<hex:02100103>特殊效果：尋寶時可以選擇2個道具,加速、尋寶時選擇2個道具
58,盜賊上衣,,盜賊上衣,戰利品掉落率+80%<hex:02100103>受到傷害-8%<hex:02100103>最大體力+18%,戰利品掉落率提高、受傷減輕、最大體力提高
59,盜賊手套,,盜賊手套,戰利品掉落率+70%<hex:02100103>加速+2%,戰利品掉落率提高、加速
60,盜賊靴,,盜賊靴,戰利品掉落率+40%<hex:02100103>迴避率+2%,戰利品掉落率提高、迴避率提高
61,閃雷斧,,閃雷斧,造成傷害+30%<hex:02100103>特殊效果：受到傷害時有5%的機率為自身附加「眩暈」狀態<hex:02100103>眩暈持續時間：3秒,傷害提高、受傷時附加眩暈狀態
62,閃雷鎧,,閃雷鎧,特殊效果：30%機率使雷屬性傷害無效並吸收<hex:02100103>特殊效果：暴擊時有5%的機率為自身附加1檔「激昂」狀態<hex:02100103>激昂效果：造成傷害+10%、受到傷害-5%<hex:02100103>激昂持續時間：180秒<hex:02100103>最大檔數：4檔,雷屬性吸收、暴擊時附加激昂狀態
63,退魔盾,,退魔盾,特殊效果：盾格擋時為自身附加1檔「受到魔法傷害減輕」狀態<hex:02100103>受到魔法傷害減輕效果：受到的魔法傷害減輕5%<hex:02100103>受到魔法傷害減輕持續時間：60秒<hex:02100103>最大檔數：8檔,盾格擋時附加受到魔法傷害減輕狀態
64,黃金髮飾,,黃金髮飾,高速複唱+10%<hex:02100103>特殊效果：自身發動戰技觸發獸心協作技時，有25%的機率恢復一部分消耗的技力,高速複唱、獸心協作技成功時恢復技力
65,火焰匕首,,火焰匕首,造成傷害+25%<hex:02100103>加速+5%<hex:02100103>特殊效果：暴擊時有10%的機率為自身附加「烈焰錮」狀態<hex:02100103>烈焰錮效果：移動時會受到魔法傷害<hex:02100103>烈焰錮持續時間：9秒,傷害提高、加速、暴擊時附加烈焰錮狀態
66,火焰盾,,火焰盾,格擋效能+50%<hex:02100103>造成傷害+3%<hex:02100103>特殊效果：30%機率使火屬性傷害無效並吸收,火屬性吸收、格擋效能、傷害提高
67,商人帽子,,商人帽子,鬥獸幣獲得量+25%<hex:02100103>暴擊發動率-10%<hex:02100103>造成傷害+5%,鬥獸幣獲得量提高、暴擊發動率降低、傷害提高
68,商人上衣,,商人上衣,鬥獸幣獲得量+25%<hex:02100103>受到物理傷害-10%,鬥獸幣獲得量提高、受到物理傷害減輕
69,商人靴,,商人靴,鬥獸幣獲得量+25%<hex:02100103>迴避率+4%<hex:02100103>最大體力+12%,鬥獸幣獲得量提高、迴避率提高、最大體力提高
70,高昂戒指,,高昂戒指,最大體力+3%<hex:02100103>特殊效果：技力累積量提高25%,技力累積量提高
71,惡魔頭盔,,惡魔頭盔,造成傷害+20%<hex:02100103>特殊效果：受到傷害時有1%的機率為自身附加「死亡宣告」狀態<hex:02100103>死亡宣告持續時間：2秒<hex:02100103>特殊效果：技力累積量提高20%,傷害提高、受傷時附加死亡宣告狀態、技力累積量提高
72,惡魔鎧甲,,惡魔鎧甲,最大體力+5%<hex:02100103>特殊效果：技力累積量提高5%<hex:02100103>特殊效果：對敵人造成致命一擊時，為自身附加1檔「激昂」狀態<hex:02100103>激昂效果：造成傷害+10%、受到傷害-5%<hex:02100103>激昂持續時間：180秒<hex:02100103>最大檔數：4檔,最大體力提高、技力累積量提高、打倒敵人時附加激昂狀態
73,女帝飛蟲的薄翼髮飾,,女帝飛蟲的薄翼髮飾,迴避率+10%<hex:02100103>最大體力-8%<hex:02100103>特殊效果：暴擊時有2%的機率為自身附加1檔「體力持續恢復」狀態<hex:02100103>體力持續恢復效果：每隔一段時間恢復自身最大體力的3%<hex:02100103>體力持續恢復持續時間：12秒<hex:02100103>最大檔數：8檔,迴避率提高、最大體力降低、暴擊時體力恢復
74,加速腰帶,,加速腰帶,加速+6%,加速
75,戰士圓盾,,戰士圓盾,格擋效能+100%<hex:02100103>受到物理傷害-5%<hex:02100103>最大體力+2%,格擋效能、受到物理傷害減輕、最大體力提高
76,1級魔獸恢復藥,,1級魔獸恢復藥,以自身或魔獸為目標，恢復10%的體力,
77,2級魔獸恢復藥,,2級魔獸恢復藥,以自身或魔獸為目標，恢復23%的體力,
78,3級魔獸恢復藥,,3級魔獸恢復藥,以自身或魔獸為目標，恢復36%的體力,
79,4級魔獸恢復藥,,4級魔獸恢復藥,以自身或魔獸為目標，恢復50%的體力,
80,1級魔獸藥粉,,1級魔獸藥粉,恢復自身及周圍隊員10%的體力,
81,2級魔獸藥粉,,2級魔獸藥粉,恢復自身及周圍隊員25%的體力,
82,3級魔獸藥粉,,3級魔獸藥粉,恢復自身及周圍隊員40%的體力,
83,魔獸解毒藥,,魔獸解毒藥,以自身或魔獸為目標，解除除特定攻擊之外其他所有中毒狀態<hex:02100103>治癒成功後，恢復目標最大體力的25%<hex:02100103>該道具僅可在戰鬥地圖中使用,
84,魔獸金針,,魔獸金針,以魔獸為目標，解除除特定攻擊之外其他所有石化狀態<hex:02100103>治癒成功後，恢復目標最大體力的50%，同時附加「石膚」狀態<hex:02100103>石膚效果：抵消相當於最大體力50%的傷害量<hex:02100103>石膚持續時間：60秒<hex:02100103>該道具僅可在戰鬥地圖中使用,
85,魔獸眼藥,,魔獸眼藥,以自身或魔獸為目標，解除除特定攻擊之外其他所有失明狀態<hex:02100103>治癒成功後，恢復目標最大體力的25%<hex:02100103>該道具僅可在戰鬥地圖中使用,
86,1級魔獸抗毒藥,,1級魔獸抗毒藥,以自身或魔獸為目標，將中毒耐性提高100%<hex:02100103>持續時間：180秒<hex:02100103>追加效果：持有深紅緞帶時，恢復目標最大體力的50%<hex:02100103>該道具僅可在戰鬥地圖中使用,
87,2級魔獸抗毒藥,,2級魔獸抗毒藥,將自身及周圍隊員的中毒耐性提高100%<hex:02100103>持續時間：300秒<hex:02100103>追加效果：持有深紅緞帶時，恢復目標最大體力的50%<hex:02100103>該道具僅可在戰鬥地圖中使用,
88,1級魔獸抗麻痺藥,,1級魔獸抗麻痺藥,以自身或魔獸為目標，將麻痺耐性提高100%<hex:02100103>持續時間：180秒<hex:02100103>追加效果：持有深紅緞帶時，恢復目標最大體力的50%<hex:02100103>該道具僅可在戰鬥地圖中使用,
89,2級魔獸抗麻痺藥,,2級魔獸抗麻痺藥,將自身及周圍隊員的麻痺耐性提高100%<hex:02100103>持續時間：300秒<hex:02100103>追加效果：持有深紅緞帶時，恢復目標最大體力的50%<hex:02100103>該道具僅可在戰鬥地圖中使用,
90,1級魔獸抗失明藥,,1級魔獸抗失明藥,以自身或魔獸為目標，將失明耐性提高100%<hex:02100103>持續時間：180秒<hex:02100103>追加效果：持有深紅緞帶時，恢復目標最大體力的50%<hex:02100103>該道具僅可在戰鬥地圖中使用,
91,2級魔獸抗失明藥,,2級魔獸抗失明藥,將自身及周圍隊員的失明耐性提高100%<hex:02100103>持續時間：300秒<hex:02100103>追加效果：持有深紅緞帶時，恢復目標最大體力的50%<hex:02100103>該道具僅可在戰鬥地圖中使用,
92,1級魔獸抗石化藥,,1級魔獸抗石化藥,以自身或魔獸為目標，將石化耐性提高100%<hex:02100103>持續時間：180秒<hex:02100103>追加效果：持有深紅緞帶時，恢復目標最大體力的50%<hex:02100103>該道具僅可在戰鬥地圖中使用,
93,2級魔獸抗石化藥,,2級魔獸抗石化藥,將自身及周圍隊員的石化耐性提高100%<hex:02100103>持續時間：300秒<hex:02100103>追加效果：持有深紅緞帶時，恢復目標最大體力的50%<hex:02100103>該道具僅可在戰鬥地圖中使用,
94,1級魔獸抗睡眠藥,,1級魔獸抗睡眠藥,以自身或魔獸為目標，將睡眠耐性提高100%<hex:02100103>持續時間：180秒<hex:02100103>追加效果：持有深紅緞帶時，恢復目標最大體力的50%<hex:02100103>該道具僅可在戰鬥地圖中使用,
95,2級魔獸抗睡眠藥,,2級魔獸抗睡眠藥,將自身及周圍隊員的睡眠耐性提高100%<hex:02100103>持續時間：300秒<hex:02100103>追加效果：持有深紅緞帶時，恢復目標最大體力的50%<hex:02100103>該道具僅可在戰鬥地圖中使用,
96,回喚獸笛,,回喚獸笛,讓陷入無法戰鬥狀態的魔獸復活<hex:02100103>該道具僅可在戰鬥地圖中使用,
97,魔獸煙霧彈,,魔獸煙霧彈,可以迴避戰鬥<hex:02100103>但對強敵和頭目無效<hex:02100103>戰鬥開始前可選擇是否使用,
98,1級魔獸復活藥,,1級魔獸復活藥,為自身附加「重生」狀態<hex:02100103>重生效果：陷入無法戰鬥狀態時有70%的機率自動復活<hex:02100103>持續時間：永久,
99,2級魔獸復活藥,,2級魔獸復活藥,為自身附加「重生」狀態<hex:02100103>重生效果：陷入無法戰鬥狀態時有95%的機率自動復活<hex:02100103>持續時間：永久,
100,盜賊之眼,,盜賊之眼,為自身附加「盜賊之眼」狀態<hex:02100103>盜賊之眼效果：下一次完成戰鬥時的戰利品掉落率將變為3倍<hex:02100103>持續時間：30分<hex:02100103>該道具僅可在戰鬥地圖中使用,
101,商人之眼,,商人之眼,為自身附加「商人之眼」狀態<hex:02100103>商人之眼效果：下一次完成戰鬥時的鬥獸幣獲得量將變為2倍<hex:02100103>持續時間：30分<hex:02100103>該道具僅可在戰鬥地圖中使用,
102,魔獸硬膚藥,,魔獸硬膚藥,以自身或魔獸為目標，附加「硬膚藥」狀態<hex:02100103>硬膚藥效果：所受傷害減輕20%<hex:02100103>持續時間：60秒<hex:02100103>追加效果：持有「寒冰盾」時，持續時間將變為90秒<hex:02100103>該道具僅可在戰鬥地圖中使用,
103,魔獸縮時藥,,魔獸縮時藥,以自身或魔獸為目標，附加「縮時藥」狀態<hex:02100103>縮時藥效果：自動攻擊間隔、戰技與魔法的詠唱及複唱時間縮短15%<hex:02100103>持續時間：60秒<hex:02100103>追加效果：持有「盜賊手套」時，持續時間將變為90秒<hex:02100103>該道具僅可在戰鬥地圖中使用,
104,魔獸剛力藥,,魔獸剛力藥,以自身或魔獸為目標，附加「剛力藥」狀態<hex:02100103>剛力藥效果：令目標造成的物理傷害提高30%<hex:02100103>持續時間：15秒<hex:02100103>該道具僅可在戰鬥地圖中使用,
105,魔獸剛力猛藥,,魔獸剛力猛藥,以自身或魔獸為目標，以眩暈為代價，附加「剛力藥」狀態<hex:02100103>剛力藥效果：令目標造成的物理傷害提高45%<hex:02100103>眩暈持續時間：15秒<hex:02100103>剛力藥持續時間：30秒<hex:02100103>該道具僅可在戰鬥地圖中使用,
106,魔獸魔力藥,,魔獸魔力藥,以自身或魔獸為目標，附加「魔力藥」狀態<hex:02100103>魔力藥效果：令目標造成的魔法傷害提高30%<hex:02100103>持續時間：15秒<hex:02100103>該道具僅可在戰鬥地圖中使用,
107,魔獸魔力猛藥,,魔獸魔力猛藥,以自身或魔獸為目標，以噩夢為代價，附加「魔力藥」狀態<hex:02100103>魔力藥效果：令目標造成的魔法傷害提高50%<hex:02100103>噩夢持續時間：30秒<hex:02100103>魔力藥持續時間：30秒<hex:02100103>該道具僅可在戰鬥地圖中使用,
108,魔獸特攻藥,,魔獸特攻藥,以自身或魔獸為目標，附加「特攻藥」狀態<hex:02100103>特攻藥效果：令目標的暴擊發動率提高30%<hex:02100103>持續時間：30秒<hex:02100103>追加效果：持有「銀框眼鏡」時，持續時間將變為60秒<hex:02100103>該道具僅可在戰鬥地圖中使用,
109,魔獸特攻猛藥,,魔獸特攻猛藥,以自身或魔獸為目標，以石化為代價，附加「特攻藥」狀態<hex:02100103>特攻藥效果：令目標的暴擊發動率提高50%<hex:02100103>石化持續時間：15秒<hex:02100103>特攻藥持續時間：30秒<hex:02100103>追加效果：持有「銀框眼鏡」時，持續時間將變為60秒<hex:02100103>該道具僅可在戰鬥地圖中使用,
110,魔獸敏捷藥,,魔獸敏捷藥,以自身或魔獸為目標，附加「敏捷藥」狀態<hex:02100103>敏捷藥效果：令目標的迴避率提高25%<hex:02100103>持續時間：30秒<hex:02100103>該道具僅可在戰鬥地圖中使用,
111,魔獸敏捷猛藥,,魔獸敏捷猛藥,以自身或魔獸為目標，以失明為代價，附加「敏捷藥」狀態<hex:02100103>敏捷藥效果：令目標的迴避率提高25%<hex:02100103>失明持續時間：30秒<hex:02100103>敏捷藥持續時間：60秒<hex:02100103>該道具僅可在戰鬥地圖中使用,
112,魔獸耐力藥,,魔獸耐力藥,以自身或魔獸為目標，附加「耐力藥」狀態，恢復10%的體力<hex:02100103>耐力藥效果：令最大體力提高20%<hex:02100103>持續時間：永久，完成1次戰鬥後效果消失<hex:02100103>該道具僅可在戰鬥地圖中使用,
113,魔獸耐力猛藥,,魔獸耐力猛藥,以自身或魔獸為目標，以猛毒為代價，附加「耐力藥」狀態，恢復10%的體力<hex:02100103>耐力藥效果：令最大體力提高30%<hex:02100103>猛毒持續時間：180秒<hex:02100103>耐力藥持續時間：永久，完成1次戰鬥後效果消失<hex:02100103>該道具僅可在戰鬥地圖中使用,
114,魔獸加速藥,,魔獸加速藥,為自身附加「盜賊的藥」狀態<hex:02100103>盜賊的藥效果：移動速度提高20%，迴避率提高5%，中毒耐性提高100%<hex:02100103>持續時間：永久，完成1次戰鬥後效果消失<hex:02100103>該道具僅可在戰鬥地圖中使用,
115,魔獸羽毛,,魔獸羽毛,以自身或魔獸為目標，增加100點技力<hex:02100103>追加效果：持有「高昂戒指」時，技力增加量將變為250點<hex:02100103>該道具僅可在戰鬥地圖中使用,
116,1級魔獸耐火藥,,1級魔獸耐火藥,為自身及周圍隊員附加「耐火藥」狀態<hex:02100103>耐火藥效果：50%機率使火屬性傷害無效並吸收<hex:02100103>持續時間：15秒<hex:02100103>該道具僅可在戰鬥地圖中使用,
117,2級魔獸耐火藥,,2級魔獸耐火藥,為自身及周圍隊員附加「耐火藥」狀態<hex:02100103>耐火藥效果：70%機率使火屬性傷害無效並吸收<hex:02100103>持續時間：15秒<hex:02100103>該道具僅可在戰鬥地圖中使用,
118,1級魔獸耐水藥,,1級魔獸耐水藥,為自身及周圍隊員附加「耐水藥」狀態<hex:02100103>耐水藥效果：50%機率使水屬性傷害無效並吸收<hex:02100103>持續時間：15秒<hex:02100103>該道具僅可在戰鬥地圖中使用,
119,2級魔獸耐水藥,,2級魔獸耐水藥,為自身及周圍隊員附加「耐水藥」狀態<hex:02100103>耐水藥效果：70%機率使水屬性傷害無效並吸收<hex:02100103>持續時間：15秒<hex:02100103>該道具僅可在戰鬥地圖中使用,
120,1級魔獸耐土藥,,1級魔獸耐土藥,為自身及周圍隊員附加「耐土藥」狀態<hex:02100103>耐土藥效果：50%機率使土屬性傷害無效並吸收<hex:02100103>持續時間：15秒<hex:02100103>該道具僅可在戰鬥地圖中使用,
121,2級魔獸耐土藥,,2級魔獸耐土藥,為自身及周圍隊員附加「耐土藥」狀態<hex:02100103>耐土藥效果：70%機率使土屬性傷害無效並吸收<hex:02100103>持續時間：15秒<hex:02100103>該道具僅可在戰鬥地圖中使用,
122,1級魔獸耐雷藥,,1級魔獸耐雷藥,為自身及周圍隊員附加「耐雷藥」狀態<hex:02100103>耐雷藥效果：50%機率使雷屬性傷害無效並吸收<hex:02100103>持續時間：15秒<hex:02100103>該道具僅可在戰鬥地圖中使用,
123,2級魔獸耐雷藥,,2級魔獸耐雷藥,為自身及周圍隊員附加「耐雷藥」狀態<hex:02100103>耐雷藥效果：70%機率使雷屬性傷害無效並吸收<hex:02100103>持續時間：15秒<hex:02100103>該道具僅可在戰鬥地圖中使用,
124,1級魔獸耐風藥,,1級魔獸耐風藥,為自身及周圍隊員附加「耐風藥」狀態<hex:02100103>耐風藥效果：50%機率使風屬性傷害無效並吸收<hex:02100103>持續時間：15秒<hex:02100103>該道具僅可在戰鬥地圖中使用,
125,2級魔獸耐風藥,,2級魔獸耐風藥,為自身及周圍隊員附加「耐風藥」狀態<hex:02100103>耐風藥效果：70%機率使風屬性傷害無效並吸收<hex:02100103>持續時間：15秒<hex:02100103>該道具僅可在戰鬥地圖中使用,
126,1級魔獸耐冰藥,,1級魔獸耐冰藥,為自身及周圍隊員附加「耐冰藥」狀態<hex:02100103>耐冰藥效果：50%機率使冰屬性傷害無效並吸收<hex:02100103>持續時間：15秒<hex:02100103>該道具僅可在戰鬥地圖中使用,
127,2級魔獸耐冰藥,,2級魔獸耐冰藥,為自身及周圍隊員附加「耐冰藥」狀態<hex:02100103>耐冰藥效果：70%機率使冰屬性傷害無效並吸收<hex:02100103>持續時間：15秒<hex:02100103>該道具僅可在戰鬥地圖中使用,
128,火之牙,,火之牙,對目標及其周圍12米以內的敵人發動火屬性遠端範圍魔法攻擊<hex:02100103>威力：2500<hex:02100103>追加效果：目標處於凍結狀態時造成額外傷害<hex:02100103>威力：1000<hex:02100103>該道具的傷害受到其他鬥獸裝備、道具或能力類技能的魔法傷害提高的影響<hex:02100103>該道具僅可在戰鬥地圖中使用,
129,冰之牙,,冰之牙,對目標及其周圍12米以內的敵人發動冰屬性遠端範圍魔法攻擊<hex:02100103>威力：2000<hex:02100103>追加效果：凍結<hex:02100103>凍結持續時間：20秒<hex:02100103>該道具的傷害受到其他鬥獸裝備、道具或能力類技能的魔法傷害提高的影響<hex:02100103>該道具僅可在戰鬥地圖中使用,
130,水之牙,,水之牙,對目標及其周圍12米以內的敵人發動水屬性遠端範圍魔法攻擊<hex:02100103>威力：2000<hex:02100103>追加效果：打消目標身上的一種強化狀態<hex:02100103>成功打消狀態時增加100點技力<hex:02100103>該道具的傷害受到其他鬥獸裝備、道具或能力類技能的魔法傷害提高的影響<hex:02100103>該道具僅可在戰鬥地圖中使用,
131,雷之牙,,雷之牙,對目標及其周圍12米以內的敵人發動雷屬性遠端範圍魔法攻擊<hex:02100103>威力：2000<hex:02100103>追加效果：麻痺<hex:02100103>麻痺持續時間：30秒<hex:02100103>該道具的傷害受到其他鬥獸裝備、道具或能力類技能的魔法傷害提高的影響<hex:02100103>該道具僅可在戰鬥地圖中使用,
132,土之牙,,土之牙,對目標及其周圍12米以內的敵人發動土屬性遠端範圍魔法攻擊<hex:02100103>威力：2000<hex:02100103>追加效果：加重<hex:02100103>加重持續時間：60秒<hex:02100103>該道具的傷害受到其他鬥獸裝備、道具或能力類技能的魔法傷害提高的影響<hex:02100103>該道具僅可在戰鬥地圖中使用,
133,風之牙,,風之牙,對目標及其周圍12米以內的敵人發動風屬性遠端範圍魔法攻擊<hex:02100103>威力：2000<hex:02100103>追加效果：將目標擊退15米<hex:02100103>該道具的傷害受到其他鬥獸裝備、道具或能力類技能的魔法傷害提高的影響<hex:02100103>該道具僅可在戰鬥地圖中使用,
134,吸血鬼之牙,,吸血鬼之牙,對目標及其周圍12米以內的敵人發動風屬性遠端範圍魔法攻擊<hex:02100103>威力：1500～3300<hex:02100103>自身的最大體力越多威力越大<hex:02100103>該道具僅可在戰鬥地圖中使用,
135,魔獸吸血藥,,魔獸吸血藥,以自身或魔獸為目標，附加「吸血攻擊」狀態<hex:02100103>吸血攻擊效果：恢復造成傷害10%的體力<hex:02100103>持續時間：60秒<hex:02100103>追加效果：持有「惡魔鎧甲」時，持續時間將變為90秒<hex:02100103>該道具僅可在戰鬥地圖中使用,
136,反射之書,,反射之書,以自身或魔獸為目標，附加「反射」狀態<hex:02100103>反射效果：反射除特定攻擊之外的所有魔法攻擊<hex:02100103>持續時間：30秒<hex:02100103>追加效果：持有「魔咒帽子」時，持續時間將變為60秒<hex:02100103>該道具僅可在戰鬥地圖中使用,
137,閃躲之書,,閃躲之書,以自身或魔獸為目標，附加5檔「閃躲」狀態<hex:02100103>閃躲效果：除特定攻擊之外其他所有物理攻擊均無效化，無效化時消耗1檔閃躲<hex:02100103>持續時間：120秒<hex:02100103>追加效果：「盜賊的藥」狀態中時，再附加3檔閃躲<hex:02100103>該道具僅可在戰鬥地圖中使用,
138,時之沙,,時之沙,為自身附加「時之沙」狀態<hex:02100103>時之沙效果：戰鬥中敗北後，會回到戰鬥開始前<hex:02100103>持續時間：永久<hex:02100103>該道具僅可在戰鬥地圖中使用,
139,星之沙,,星之沙,使用星體風暴，對目標及其周圍18米以內的敵人造成火屬性魔法傷害　威力：3000<hex:02100103>追加效果：增加自身技力<hex:02100103>技力增加量：每命中1名敵人增加50點<hex:02100103>追加效果：令目標的火屬性耐性降低20%<hex:02100103>持續時間：60秒<hex:02100103>該道具的傷害受到其他鬥獸裝備、道具或能力類技能的魔法傷害提高的影響<hex:02100103>該道具僅可在戰鬥地圖中使用,
140,魔獸恢復藥套裝,,魔獸恢復藥套裝,為自身附加「自動恢復藥」狀態<hex:02100103>自動恢復藥效果：體力低於50%時自動恢復40%的體力，發動恢復效果後有50%的機率解除該狀態，盜賊的藥狀態中解除機率變為10%<hex:02100103>持續時間：150秒<hex:02100103>追加效果：持有「盜賊上衣」時，持續時間將變為240秒<hex:02100103>該道具僅可在戰鬥地圖中使用,
141,魔獸治癒套裝,,魔獸治癒套裝,為自身附加「自動治癒」狀態<hex:02100103>自動治癒效果：可免疫一次目標所受到的部分異常狀態效果<hex:02100103>持續時間：240秒<hex:02100103>該道具僅可在戰鬥地圖中使用,
142,鑄魔之書,,鑄魔之書,為自身附加「鑄魔」狀態<hex:02100103>鑄魔效果：所有攻擊均附帶魔法屬性<hex:02100103>該效果也會附加到魔獸身上<hex:02100103>持續時間：180秒<hex:02100103>該道具僅可在戰鬥地圖中使用,
143,鋼刺之書,,鋼刺之書,為自身附加「鋼刺」狀態<hex:02100103>鋼刺效果：所有攻擊均附帶物理屬性<hex:02100103>該效果也會附加到魔獸身上<hex:02100103>持續時間：180秒<hex:02100103>該道具僅可在戰鬥地圖中使用,
144,1級完美食料,,1級完美食料,最大體力+15%<hex:02100103>造成傷害+5%<hex:02100103>特殊效果：鬥獸奇弈結束時，魔獸獲得的經驗值增加25%<hex:02100103>特殊效果：將此食料餵給魔獸後，可以恢復10%的體力<hex:02100103>適於以下魔獸食用：<hex:02100103>百獸綱 百蟲綱 有翼綱 草木綱 水棲綱 甲鱗綱 咒具綱 死屍綱,
145,2級完美食料,,2級完美食料,最大體力+30%<hex:02100103>造成傷害+10%<hex:02100103>特殊效果：鬥獸奇弈結束時，魔獸獲得的經驗值增加50%<hex:02100103>特殊效果：將此食料餵給魔獸後，可以恢復18%的體力<hex:02100103>適於以下魔獸食用：<hex:02100103>百獸綱 百蟲綱 有翼綱 草木綱 水棲綱 甲鱗綱 咒具綱 死屍綱,
146,奇肉,,奇肉,造成物理傷害+20%<hex:02100103>適於以下魔獸食用：<hex:02100103>百獸綱 百蟲綱 有翼綱 草木綱 水棲綱 甲鱗綱 死屍綱,
147,奇水,,奇水,乙太爆發威力+35%<hex:02100103>適於以下魔獸食用：<hex:02100103>百獸綱 百蟲綱 有翼綱 草木綱 水棲綱 甲鱗綱 死屍綱,
148,奇蜂蜜,,奇蜂蜜,受到物理傷害-25%<hex:02100103>乙太爆發威力+10%<hex:02100103>適於以下魔獸食用：<hex:02100103>百獸綱 百蟲綱 有翼綱 草木綱 水棲綱 甲鱗綱 死屍綱,
149,奇炸魚餅,,奇炸魚餅,暴擊發動率+35%<hex:02100103>受到魔法傷害-30%<hex:02100103>最大體力+10%<hex:02100103>特殊效果：將此食料餵給魔獸後，可以恢復7%的體力<hex:02100103>適於以下魔獸食用：<hex:02100103>咒具綱,
150,奇香蕉,,奇香蕉,乙太爆發威力+10%<hex:02100103>特殊效果：暴擊時為自身附加1檔「造成物理傷害提高」狀態<hex:02100103>造成物理傷害提高效果：發動物理攻擊造成的傷害提高10%<hex:02100103>持續時間：30秒<hex:02100103>最大檔數：5檔<hex:02100103>適於以下魔獸食用：<hex:02100103>百獸綱 百蟲綱 有翼綱 草木綱 水棲綱 甲鱗綱 死屍綱,
151,奇山莓,,奇山莓,暴擊攻擊力+60<hex:02100103>乙太爆發威力+10%<hex:02100103>適於以下魔獸食用：<hex:02100103>百獸綱 百蟲綱 有翼綱 草木綱 水棲綱 甲鱗綱 死屍綱,
152,奇蛋,,奇蛋,加速+5%<hex:02100103>造成物理傷害+25%<hex:02100103>適於以下魔獸食用：<hex:02100103>百獸綱 百蟲綱 有翼綱 水棲綱 甲鱗綱,
153,奇黃殼蛋,,奇黃殼蛋,加速+15%<hex:02100103>造成傷害+5%<hex:02100103>最大體力+35%<hex:02100103>特殊效果：將此食料餵給魔獸後，可以恢復20%的體力<hex:02100103>適於以下魔獸食用：<hex:02100103>草木綱,
154,奇番茄,,奇番茄,迴避率+10%<hex:02100103>造成物理傷害+10%<hex:02100103>適於以下魔獸食用：<hex:02100103>百獸綱 百蟲綱 有翼綱 草木綱 水棲綱 死屍綱,
155,奇牛奶,,奇牛奶,加速+5%<hex:02100103>最大體力+50%<hex:02100103>特殊效果：將此食料餵給魔獸後，可以恢復26%的體力<hex:02100103>適於以下魔獸食用：<hex:02100103>百獸綱 百蟲綱 有翼綱 水棲綱 甲鱗綱,
156,奇仙子莓乳酪,,奇仙子莓乳酪,加速+5%<hex:02100103>乙太爆發威力+25%<hex:02100103>適於以下魔獸食用：<hex:02100103>百獸綱 百蟲綱 有翼綱 水棲綱 甲鱗綱,
157,奇牛肝菌,,奇牛肝菌,中毒耐性+100%<hex:02100103>受到傷害-10%<hex:02100103>適於以下魔獸食用：<hex:02100103>百獸綱 百蟲綱 有翼綱 草木綱 水棲綱 甲鱗綱 咒具綱 死屍綱,
158,奇傘蘑,,奇傘蘑,麻痺耐性+100%<hex:02100103>受到傷害-10%<hex:02100103>適於以下魔獸食用：<hex:02100103>百獸綱 百蟲綱 有翼綱 草木綱 水棲綱 甲鱗綱 咒具綱 死屍綱,
159,奇黑松露,,奇黑松露,失明耐性+100%<hex:02100103>受到傷害-10%<hex:02100103>適於以下魔獸食用：<hex:02100103>百獸綱 百蟲綱 有翼綱 草木綱 水棲綱 甲鱗綱 咒具綱 死屍綱,
160,奇白松露,,奇白松露,石化耐性+100%<hex:02100103>受到傷害-10%<hex:02100103>適於以下魔獸食用：<hex:02100103>百獸綱 百蟲綱 有翼綱 草木綱 水棲綱 甲鱗綱 咒具綱 死屍綱,
161,奇蘑菇,,奇蘑菇,睡眠耐性+100%<hex:02100103>受到傷害-10%<hex:02100103>適於以下魔獸食用：<hex:02100103>百獸綱 百蟲綱 有翼綱 草木綱 水棲綱 甲鱗綱 咒具綱 死屍綱,
162,奇鰨,,奇鰨,造成物理傷害+20%<hex:02100103>特殊效果：技力累積量提高50%<hex:02100103>適於以下魔獸食用：<hex:02100103>有翼綱,
163,奇聖水,,奇聖水,最大體力+30%<hex:02100103>造成傷害+15%<hex:02100103>特殊效果：對敵人造成致命一擊時，為自身附加1檔「體力持續恢復」狀態<hex:02100103>體力持續恢復效果：每隔一段時間恢復自身最大體力的3%<hex:02100103>體力持續恢復持續時間：6秒<hex:02100103>最大檔數：8檔<hex:02100103>特殊效果：將此食料餵給魔獸後，可以恢復18%的體力<hex:02100103>適於以下魔獸食用：<hex:02100103>水棲綱,
164,奇鮮血,,奇鮮血,暴擊發動率+50%<hex:02100103>造成傷害+35%<hex:02100103>特殊效果：每隔一段時間受到傷害<hex:02100103>適於以下魔獸食用：<hex:02100103>百蟲綱,
165,奇高貴鮮血,,奇高貴鮮血,最大體力+20%<hex:02100103>暴擊發動率+15%<hex:02100103>特殊效果：暴擊時有5%的機率為自身附加1檔「體力持續恢復」狀態<hex:02100103>體力持續恢復效果：每隔一段時間恢復自身最大體力的3%<hex:02100103>體力持續恢復持續時間：6秒<hex:02100103>最大檔數：8檔<hex:02100103>特殊效果：將此食料餵給魔獸後，可以恢復13%的體力<hex:02100103>適於以下魔獸食用：<hex:02100103>水棲綱,
166,奇百合,,奇百合,造成傷害+10%<hex:02100103>受到傷害-10%<hex:02100103>特殊效果：在帳篷休息時不會損失食料<hex:02100103>適於以下魔獸食用：<hex:02100103>百獸綱 百蟲綱 有翼綱 草木綱 水棲綱 甲鱗綱 咒具綱 死屍綱,
167,奇鰈魚,,奇鰈魚,造成物理傷害+10%<hex:02100103>特殊效果：魔獸發動戰技觸發獸心協作技時，有30%的機率恢復一部分消耗的技力<hex:02100103>適於以下魔獸食用：<hex:02100103>百獸綱 百蟲綱 草木綱 水棲綱 甲鱗綱 死屍綱,
168,奇白蠍,,奇白蠍,特殊效果：被馴獸師召喚時，為自身附加「反射」狀態<hex:02100103>反射效果：反射除特定攻擊之外的所有魔法攻擊<hex:02100103>持續時間：60秒<hex:02100103>適於以下魔獸食用：<hex:02100103>甲鱗綱,
169,奇黑蠍,,奇黑蠍,造成傷害+15%<hex:02100103>受到傷害-35%<hex:02100103>特殊效果：受到傷害時有3%的機率為自身附加「中毒」狀態<hex:02100103>持續時間：30秒<hex:02100103>適於以下魔獸食用：<hex:02100103>甲鱗綱,
170,奇鯡魚,,奇鯡魚,乙太爆發威力+25%<hex:02100103>特殊效果：魔獸發動戰技觸發獸心協作技時，有35%的機率恢復一部分消耗的技力<hex:02100103>適於以下魔獸食用：<hex:02100103>有翼綱,
171,奇神仙魚,,奇神仙魚,受到傷害-10%<hex:02100103>特殊效果：技力累積量提高30%<hex:02100103>適於以下魔獸食用：<hex:02100103>百獸綱 百蟲綱 草木綱 水棲綱 死屍綱,
172,奇葡萄,,奇葡萄,暴擊發動率+35%<hex:02100103>造成物理傷害+15%<hex:02100103>適於以下魔獸食用：<hex:02100103>百獸綱 百蟲綱 有翼綱 草木綱 水棲綱 甲鱗綱 死屍綱,
173,奇香橙,,奇香橙,暴擊發動率+25%<hex:02100103>乙太爆發威力+20%<hex:02100103>適於以下魔獸食用：<hex:02100103>百獸綱 百蟲綱 有翼綱 草木綱 水棲綱 甲鱗綱 死屍綱,
174,奇沙蠶,,奇沙蠶,最大體力+30%<hex:02100103>特殊效果：受到傷害時為自身附加1檔「受到魔法傷害減輕」狀態<hex:02100103>受到魔法傷害減輕效果：受到的魔法傷害減輕5%<hex:02100103>受到魔法傷害減輕持續時間：60秒<hex:02100103>最大檔數：8檔<hex:02100103>特殊效果：將此食料餵給魔獸後，可以恢復18%的體力<hex:02100103>適於以下魔獸食用：<hex:02100103>咒具綱,
175,奇激昂液,,奇激昂液,特殊效果：對敵人造成致命一擊時，為自身附加1檔「激昂」狀態<hex:02100103>激昂效果：造成傷害+15%、受到傷害-8%<hex:02100103>激昂持續時間：60秒<hex:02100103>最大檔數：4檔<hex:02100103>適於以下魔獸食用：<hex:02100103>百獸綱 百蟲綱 有翼綱 草木綱 水棲綱 甲鱗綱 咒具綱 死屍綱,
176,奇胡蘿蔔,,奇胡蘿蔔,迴避率+10%<hex:02100103>乙太爆發威力+5%<hex:02100103>適於以下魔獸食用：<hex:02100103>百獸綱 百蟲綱 有翼綱 草木綱 水棲綱 死屍綱,
177,奇洋蔥,,奇洋蔥,迴避率+15%<hex:02100103>受到傷害-5%<hex:02100103>適於以下魔獸食用：<hex:02100103>百獸綱 百蟲綱 有翼綱 草木綱 水棲綱 死屍綱,
178,奇萵苣,,奇萵苣,迴避率+5%<hex:02100103>特殊效果：成功迴避攻擊時，為自身附加1檔「激昂」狀態<hex:02100103>激昂效果：造成傷害+15%、受到傷害-8%<hex:02100103>激昂持續時間：60秒<hex:02100103>最大檔數：4檔<hex:02100103>適於以下魔獸食用：<hex:02100103>百獸綱 百蟲綱 有翼綱 草木綱 水棲綱 死屍綱,
179,奇檸檬,,奇檸檬,乙太爆發威力+10%<hex:02100103>特殊效果：暴擊時為自身附加1檔「閃躲」狀態<hex:02100103>閃躲效果：除特定攻擊之外其他所有物理攻擊均無效化，無效化時消耗1檔閃躲<hex:02100103>持續時間：120秒<hex:02100103>最大檔數：5檔<hex:02100103>適於以下魔獸食用：<hex:02100103>百獸綱 百蟲綱 有翼綱 草木綱 水棲綱 甲鱗綱 死屍綱,
180,奇激昂油,,奇激昂油,加速+20%<hex:02100103>特殊效果：魔獸發動戰技觸發獸心協作技時，為自身附加1檔「激昂」狀態<hex:02100103>激昂效果：造成傷害+15%、受到傷害-8%<hex:02100103>激昂持續時間：60秒<hex:02100103>最大檔數：4檔<hex:02100103>適於以下魔獸食用：<hex:02100103>咒具綱,
181,奇黏液,,奇黏液,造成傷害+30%<hex:02100103>受到傷害-30%<hex:02100103>特殊效果：暴擊時為自身附加「噩夢」狀態<hex:02100103>持續時間：30秒<hex:02100103>適於以下魔獸食用：<hex:02100103>百獸綱 百蟲綱 有翼綱 草木綱 水棲綱 甲鱗綱 死屍綱,
182,奇汁液,,奇汁液,受到物理傷害-40%<hex:02100103>乙太爆發威力+20%<hex:02100103>適於以下魔獸食用：<hex:02100103>甲鱗綱,
183,奇鹽,,奇鹽,迴避率+25%<hex:02100103>特殊效果：成功迴避攻擊時，有15%的機率為自身附加「石膚」狀態<hex:02100103>石膚效果：抵消相當於最大體力12%的傷害量<hex:02100103>石膚持續時間：60秒<hex:02100103>適於以下魔獸食用：<hex:02100103>咒具綱,
184,奇糖漿,,奇糖漿,造成傷害+30%<hex:02100103>受到物理傷害-30%<hex:02100103>特殊效果：受到傷害時有3%的機率為自身附加「麻痺」狀態<hex:02100103>持續時間：30秒<hex:02100103>適於以下魔獸食用：<hex:02100103>百蟲綱,
185,奇奶油乳酪,,奇奶油乳酪,最大體力+50%<hex:02100103>受到傷害-20%<hex:02100103>特殊效果：受到傷害時有50%的機率為自身附加1檔「加速」狀態<hex:02100103>加速效果：自動攻擊間隔、戰技與魔法的詠唱及複唱時間縮短3%<hex:02100103>加速持續時間：60秒<hex:02100103>最大檔數：5檔<hex:02100103>特殊效果：將此食料餵給魔獸後，可以恢復26%的體力<hex:02100103>適於以下魔獸食用：<hex:02100103>草木綱,
186,奇紅殼蛋,,奇紅殼蛋,加速+15%<hex:02100103>造成傷害+30%<hex:02100103>特殊效果：每隔一段時間受到傷害<hex:02100103>適於以下魔獸食用：<hex:02100103>百獸綱 百蟲綱 有翼綱 水棲綱 甲鱗綱,
187,奇吐司,,奇吐司,受到魔法傷害-30%<hex:02100103>適於以下魔獸食用：<hex:02100103>百獸綱 百蟲綱 有翼綱 草木綱 水棲綱 甲鱗綱 死屍綱,
188,奇玉米麵包,,奇玉米麵包,受到魔法傷害-40%<hex:02100103>乙太爆發威力+10%<hex:02100103>最大體力+15%<hex:02100103>特殊效果：將此食料餵給魔獸後，可以恢復10%的體力<hex:02100103>適於以下魔獸食用：<hex:02100103>百蟲綱,
189,奇風茄,,奇風茄,造成物理傷害+40%<hex:02100103>特殊效果：暴擊時為自身附加「失明」狀態<hex:02100103>持續時間：30秒<hex:02100103>適於以下魔獸食用：<hex:02100103>百獸綱 百蟲綱 有翼綱 草木綱 水棲綱 甲鱗綱 咒具綱 死屍綱,
190,奇狼蛛,,奇狼蛛,暴擊發動率+25%<hex:02100103>特殊效果：暴擊時為自身附加1檔「傷害提高」狀態<hex:02100103>傷害提高效果：造成傷害提高10%<hex:02100103>傷害提高持續時間：60秒<hex:02100103>最大檔數：5檔<hex:02100103>適於以下魔獸食用：<hex:02100103>咒具綱,
191,奇顛茄,,奇顛茄,受到傷害-30%<hex:02100103>最大體力+30%<hex:02100103>特殊效果：受到傷害時有3%的機率為自身附加「石化」狀態<hex:02100103>持續時間：30秒<hex:02100103>特殊效果：將此食料餵給魔獸後，可以恢復18%的體力<hex:02100103>適於以下魔獸食用：<hex:02100103>百獸綱 百蟲綱 有翼綱 草木綱 水棲綱 甲鱗綱 咒具綱 死屍綱,
192,奇肉排,,奇肉排,特殊效果：受到物理傷害時反擊，對對方造成打擊屬性物理傷害，反擊傷害受到其他食料或奇弈道具的物理傷害提高、魔獸力量的影響<hex:02100103>反擊傷害威力：350<hex:02100103>適於以下魔獸食用：<hex:02100103>百獸綱 百蟲綱 有翼綱 甲鱗綱 死屍綱,
193,奇魚籽,,奇魚籽,乙太爆發威力+10%<hex:02100103>特殊效果：魔獸發動戰技觸發獸心協作技時，有30%的機率恢復一部分消耗的技力<hex:02100103>適於以下魔獸食用：<hex:02100103>百獸綱 百蟲綱 草木綱 水棲綱 甲鱗綱 死屍綱,
194,奇花茶,,奇花茶,特殊效果：被馴獸師召喚時，為自身附加「石膚」狀態<hex:02100103>石膚效果：抵消相當於最大體力24%的傷害量<hex:02100103>持續時間：60秒<hex:02100103>適於以下魔獸食用：<hex:02100103>百獸綱 百蟲綱 有翼綱 草木綱 水棲綱 甲鱗綱 死屍綱,
195,奇蜂巢,,奇蜂巢,受到物理傷害-30%<hex:02100103>造成傷害+10%<hex:02100103>特殊效果：魔獸發動戰技觸發獸心協作技時，有30%的機率恢復一部分消耗的技力<hex:02100103>適於以下魔獸食用：<hex:02100103>咒具綱,
196,奇橙汁,,奇橙汁,造成魔法傷害+30%<hex:02100103>乙太爆發威力+15%<hex:02100103>適於以下魔獸食用：<hex:02100103>百獸綱 百蟲綱 有翼綱 草木綱 水棲綱 甲鱗綱 死屍綱,
197,奇葡萄汁,,奇葡萄汁,造成物理傷害+30%<hex:02100103>乙太爆發威力+50%<hex:02100103>最大體力-80%<hex:02100103>適於以下魔獸食用：<hex:02100103>百獸綱 百蟲綱 有翼綱 草木綱 水棲綱 甲鱗綱 死屍綱,
198,奇烤串,,奇烤串,減速+200%<hex:02100103>造成物理傷害+50%<hex:02100103>適於以下魔獸食用：<hex:02100103>百獸綱 百蟲綱 有翼綱 草木綱 水棲綱 甲鱗綱 死屍綱,
199,奇菠蘿汁,,奇菠蘿汁,減速+200%<hex:02100103>造成魔法傷害+50%<hex:02100103>適於以下魔獸食用：<hex:02100103>百獸綱 百蟲綱 有翼綱 草木綱 水棲綱 甲鱗綱 死屍綱,
200,奇牡蠣,,奇牡蠣,特殊效果：在戰鬥中被馴獸師召喚時，或者開始戰鬥時，魔獸的技力增加100點<hex:02100103>適於以下魔獸食用：<hex:02100103>有翼綱,
201,奇藍紋乳酪,,奇藍紋乳酪,特殊效果：受到魔法傷害時反擊，對對方造成無屬性魔法傷害，反擊傷害受到其他食料或奇弈道具的魔法傷害提高、魔獸智力的影響<hex:02100103>反擊傷害威力：350<hex:02100103>適於以下魔獸食用：<hex:02100103>草木綱 水棲綱,
202,奇農家乳酪,,奇農家乳酪,最大體力+30%<hex:02100103>加速+15%<hex:02100103>特殊效果：魔獸發動戰技觸發獸心協作技時，有30%的機率恢復一部分消耗的技力<hex:02100103>特殊效果：將此食料餵給魔獸後，可以恢復18%的體力<hex:02100103>適於以下魔獸食用：<hex:02100103>百蟲綱,
203,奇優酪乳昔,,奇優酪乳昔,最大體力+30%<hex:02100103>特殊效果：在帳篷休息時可以使體力完全恢復<hex:02100103>特殊效果：將此食料餵給魔獸後，可以恢復18%的體力<hex:02100103>適於以下魔獸食用：<hex:02100103>百獸綱 百蟲綱 有翼綱 草木綱 水棲綱 甲鱗綱,
204,,,,,
205,,,,,
